"Sex","Year","Week","adj_rate"
"all",2010,1,26.8112069890295
"all",2010,2,25.89436375029
"all",2010,3,24.2682930889092
"all",2010,4,22.8097447918988
"all",2010,5,21.6776120209012
"all",2010,6,20.8572213531705
"all",2010,7,20.8187895422132
"all",2010,8,21.2091497963689
"all",2010,9,20.5676475328588
"all",2010,10,20.1786978734669
"all",2010,11,20.056755756003
"all",2010,12,19.8233462438441
"all",2010,13,16.3830041948778
"all",2010,14,20.07799444433
"all",2010,15,20.3858484750897
"all",2010,16,19.4576215940864
"all",2010,17,19.5931618026564
"all",2010,18,17.2054679884172
"all",2010,19,19.5289846808047
"all",2010,20,18.9222440685967
"all",2010,21,19.4676386079004
"all",2010,22,16.8689010531165
"all",2010,23,19.0867804904333
"all",2010,24,17.5400951972454
"all",2010,25,17.4314289987087
"all",2010,26,18.4964286797295
"all",2010,27,17.753953510737
"all",2010,28,17.5783207335621
"all",2010,29,16.9983731386728
"all",2010,30,17.0046019342136
"all",2010,31,17.4067238429298
"all",2010,32,17.124050833524
"all",2010,33,17.7008482259785
"all",2010,34,17.784908141957
"all",2010,35,15.8921942677092
"all",2010,36,18.4764521978216
"all",2010,37,17.9455241044273
"all",2010,38,18.4185365955092
"all",2010,39,18.0388763291078
"all",2010,40,18.9340002365659
"all",2010,41,18.9651709236426
"all",2010,42,19.1428141335496
"all",2010,43,19.1087576780213
"all",2010,44,19.9357136508333
"all",2010,45,19.3934994066676
"all",2010,46,19.4693968364186
"all",2010,47,19.537553887238
"all",2010,48,19.0256451444259
"all",2010,49,23.0874814975193
"all",2010,50,22.407288921011
"all",2010,51,23.660642615496
"all",2010,52,20.010708951659
"all",2011,1,25.633568827404
"all",2011,2,26.5639794525818
"all",2011,3,23.1403815071396
"all",2011,4,21.3397200893352
"all",2011,5,20.7153860775351
"all",2011,6,20.2745982474732
"all",2011,7,19.7231423546974
"all",2011,8,19.0900558607301
"all",2011,9,19.1178153152258
"all",2011,10,19.5364704956693
"all",2011,11,19.9082812388144
"all",2011,12,19.6201137324225
"all",2011,13,18.8492052174153
"all",2011,14,19.3330511718819
"all",2011,15,18.8596709620355
"all",2011,16,16.8656086890899
"all",2011,17,16.3243389282298
"all",2011,18,19.934182560165
"all",2011,19,20.4904062429007
"all",2011,20,18.1035557674022
"all",2011,21,18.5273493937895
"all",2011,22,16.0026806400756
"all",2011,23,18.7086971078757
"all",2011,24,18.1103192566137
"all",2011,25,17.6135060101355
"all",2011,26,17.6063181545775
"all",2011,27,17.6034516752641
"all",2011,28,17.1289419607447
"all",2011,29,17.1716790017881
"all",2011,30,17.1103213897129
"all",2011,31,17.7732147321726
"all",2011,32,17.3491649562436
"all",2011,33,17.0315316472566
"all",2011,34,17.1054463440311
"all",2011,35,15.6066637715542
"all",2011,36,17.7616800327354
"all",2011,37,17.4153624323276
"all",2011,38,17.2357899223121
"all",2011,39,18.0434557333606
"all",2011,40,17.6549957762554
"all",2011,41,17.5865091954476
"all",2011,42,17.4553740792815
"all",2011,43,18.4591528159279
"all",2011,44,19.5026391653771
"all",2011,45,18.3089894203549
"all",2011,46,18.8111695120445
"all",2011,47,18.5453382973401
"all",2011,48,18.6216309956858
"all",2011,49,19.8795664226577
"all",2011,50,20.9580692764758
"all",2011,51,22.5741280842061
"all",2011,52,17.1969583474279
"all",2012,1,20.8078360627991
"all",2012,2,22.3726745437199
"all",2012,3,20.5861820236732
"all",2012,4,20.4361632310896
"all",2012,5,20.0173049609826
"all",2012,6,20.3593966769426
"all",2012,7,20.8685363149561
"all",2012,8,21.9296731111825
"all",2012,9,21.66268205242
"all",2012,10,20.791702218876
"all",2012,11,19.8709698852283
"all",2012,12,19.4964033419446
"all",2012,13,19.0540190176394
"all",2012,14,16.835567568304
"all",2012,15,19.7928407140782
"all",2012,16,21.3996570126107
"all",2012,17,20.26356593098
"all",2012,18,19.7102684313944
"all",2012,19,17.5382212458708
"all",2012,20,19.5992543144947
"all",2012,21,19.0204861534585
"all",2012,22,18.9938163460802
"all",2012,23,13.435128146342
"all",2012,24,20.1555333414716
"all",2012,25,17.9238041930477
"all",2012,26,17.529379755197
"all",2012,27,17.6345790154202
"all",2012,28,17.3311567344902
"all",2012,29,17.1870451134441
"all",2012,30,17.5543018121909
"all",2012,31,17.6999999393814
"all",2012,32,17.4195377563109
"all",2012,33,17.3735166759271
"all",2012,34,17.7638463875791
"all",2012,35,15.0777446161881
"all",2012,36,17.5050759029114
"all",2012,37,17.0967826614547
"all",2012,38,17.4717438359986
"all",2012,39,17.5590161270699
"all",2012,40,17.9565689307744
"all",2012,41,18.6967574672609
"all",2012,42,18.3931865795937
"all",2012,43,18.9053963470976
"all",2012,44,18.4708783777625
"all",2012,45,19.1522273169156
"all",2012,46,19.5874652450074
"all",2012,47,19.1111204991625
"all",2012,48,18.6036268294598
"all",2012,49,19.4709337390889
"all",2012,50,20.5532685258369
"all",2012,51,22.6868539365924
"all",2012,52,16.0522480824897
"all",2013,1,22.6100954851998
"all",2013,2,24.3452806618454
"all",2013,3,21.4887823434877
"all",2013,4,21.8814118899199
"all",2013,5,21.97553495699
"all",2013,6,21.4466197757264
"all",2013,7,21.3884854047813
"all",2013,8,21.0520859997596
"all",2013,9,20.9157949721349
"all",2013,10,21.8306681356873
"all",2013,11,21.6969949101028
"all",2013,12,21.4963161033117
"all",2013,13,17.982441163134
"all",2013,14,21.1206430648963
"all",2013,15,23.574180184739
"all",2013,16,22.8240713186219
"all",2013,17,20.6171874115607
"all",2013,18,19.7127030439108
"all",2013,19,17.1066632749213
"all",2013,20,19.1186563345388
"all",2013,21,18.5091915987289
"all",2013,22,16.1826348569454
"all",2013,23,18.4136850751817
"all",2013,24,17.2132315780471
"all",2013,25,17.2732208725397
"all",2013,26,16.6666199089467
"all",2013,27,17.0029078936945
"all",2013,28,16.5538217264655
"all",2013,29,17.0523854428694
"all",2013,30,16.4465010490668
"all",2013,31,15.8122976593884
"all",2013,32,16.0747635248892
"all",2013,33,15.9565753232841
"all",2013,34,16.6487185371076
"all",2013,35,14.9248630542155
"all",2013,36,17.2792435449602
"all",2013,37,16.1862608857626
"all",2013,38,16.7553912276618
"all",2013,39,17.7548748041403
"all",2013,40,17.8306705674692
"all",2013,41,17.3398340348742
"all",2013,42,17.9123904062404
"all",2013,43,17.9148597505265
"all",2013,44,17.6732906440182
"all",2013,45,18.3436907027345
"all",2013,46,18.570210555797
"all",2013,47,18.6005464900245
"all",2013,48,18.6946403065001
"all",2013,49,19.2253702841843
"all",2013,50,19.4776416813958
"all",2013,51,20.024119130175
"all",2013,52,12.8157939684475
"all",2014,1,21.8543246134003
"all",2014,2,22.5947556333042
"all",2014,3,21.0799557362551
"all",2014,4,19.772862160928
"all",2014,5,19.5394453996315
"all",2014,6,19.3230856669963
"all",2014,7,19.40096592694
"all",2014,8,19.8570915336438
"all",2014,9,19.765144759811
"all",2014,10,18.7233492249237
"all",2014,11,19.0347118208187
"all",2014,12,18.7207484331888
"all",2014,13,18.3273659065569
"all",2014,14,18.9278646421473
"all",2014,15,18.0824779964865
"all",2014,16,15.238255349931
"all",2014,17,17.8401158392
"all",2014,18,20.0467702887178
"all",2014,19,16.4289488254558
"all",2014,20,18.116952991788
"all",2014,21,17.7276322777657
"all",2014,22,15.2984041853252
"all",2014,23,18.1954745663852
"all",2014,24,17.9241648113433
"all",2014,25,17.0402284049852
"all",2014,26,17.0078342160052
"all",2014,27,16.6944295094759
"all",2014,28,16.7208041760825
"all",2014,29,17.3627568486865
"all",2014,30,17.0836095028435
"all",2014,31,16.9692522476111
"all",2014,32,16.6691933392511
"all",2014,33,16.7301596583168
"all",2014,34,16.6968747281429
"all",2014,35,15.2990183765895
"all",2014,36,18.4463265401472
"all",2014,37,17.6780174922799
"all",2014,38,17.3498850026828
"all",2014,39,17.2325829905868
"all",2014,40,17.6527310802918
"all",2014,41,17.4641205335772
"all",2014,42,18.0307318229722
"all",2014,43,18.2995135043768
"all",2014,44,18.2602386624108
"all",2014,45,18.5857994758241
"all",2014,46,19.112693668896
"all",2014,47,18.01489752156
"all",2014,48,18.8933410064821
"all",2014,49,19.5481467594064
"all",2014,50,20.1089617604688
"all",2014,51,22.264961037818
"all",2014,52,14.9435677742202
"all",2015,1,22.9861499938098
"all",2015,2,30.3483928532465
"all",2015,3,27.7947527784357
"all",2015,4,26.0489424254746
"all",2015,5,24.1069914545393
"all",2015,6,22.4960339077656
"all",2015,7,22.0956068491248
"all",2015,8,21.3768039512932
"all",2015,9,21.4522120476347
"all",2015,10,21.4452353524722
"all",2015,11,20.4746660882711
"all",2015,12,19.7508753521449
"all",2015,13,19.6151637478757
"all",2015,14,16.9459061972736
"all",2015,15,18.8594348710284
"all",2015,16,21.757325784998
"all",2015,17,19.8068565461048
"all",2015,18,18.9016986184159
"all",2015,19,16.5855881525821
"all",2015,20,19.2390842827769
"all",2015,21,18.6903920911877
"all",2015,22,15.362657678928
"all",2015,23,18.9615741064038
"all",2015,24,17.8515973021006
"all",2015,25,17.38953489567
"all",2015,26,17.1661883607276
"all",2015,27,17.1856235121508
"all",2015,28,16.8403989857702
"all",2015,29,16.4292882123685
"all",2015,30,16.4286815507606
"all",2015,31,16.0965995381422
"all",2015,32,16.5591612515331
"all",2015,33,17.084193919346
"all",2015,34,17.0404951874055
"all",2015,35,16.8621010819776
"all",2015,36,14.73006239064
"all",2015,37,17.2821185828398
"all",2015,38,17.0071762443407
"all",2015,39,17.8055572978743
"all",2015,40,17.5705074157837
"all",2015,41,18.2738071313508
"all",2015,42,17.7762407794414
"all",2015,43,18.1428900946105
"all",2015,44,17.9202467817063
"all",2015,45,18.6564971868074
"all",2015,46,18.5618964904009
"all",2015,47,18.3708395594632
"all",2015,48,18.3480516366104
"all",2015,49,19.3673934252571
"all",2015,50,19.1735331808206
"all",2015,51,19.9586510500238
"all",2015,52,16.1220198349428
"all",2015,53,14.0786957967039
"all",2016,1,24.0980483941311
"all",2016,2,21.2218743424629
"all",2016,3,21.1808876746816
"all",2016,4,20.8744706618638
"all",2016,5,20.3840886083263
"all",2016,6,20.5676445543504
"all",2016,7,19.5389117414918
"all",2016,8,20.4069421459954
"all",2016,9,20.8291164076792
"all",2016,10,20.3208189051686
"all",2016,11,20.3221900935852
"all",2016,12,17.7636088655339
"all",2016,13,18.9922795113913
"all",2016,14,21.4081622078677
"all",2016,15,21.0586142987813
"all",2016,16,20.1575879222067
"all",2016,17,19.2118636997988
"all",2016,18,16.8414526845878
"all",2016,19,19.6239499550647
"all",2016,20,18.3681028855438
"all",2016,21,17.9565437611551
"all",2016,22,14.606802427068
"all",2016,23,18.2307252031671
"all",2016,24,17.3275976675957
"all",2016,25,17.2722151463715
"all",2016,26,17.0222509088916
"all",2016,27,16.8595960657888
"all",2016,28,17.3239709215061
"all",2016,29,17.2416507223739
"all",2016,30,17.2216718093962
"all",2016,31,16.929140376783
"all",2016,32,16.8983333344611
"all",2016,33,16.7525706356253
"all",2016,34,17.2079216795328
"all",2016,35,14.6210197312818
"all",2016,36,17.3402117614835
"all",2016,37,16.8434048242752
"all",2016,38,16.5111830939841
"all",2016,39,16.5874590679902
"all",2016,40,17.1412052161224
"all",2016,41,17.9276126718295
"all",2016,42,18.0229028889398
"all",2016,43,17.9495478664342
"all",2016,44,18.7328617828814
"all",2016,45,19.3184451751945
"all",2016,46,19.7146120004366
"all",2016,47,19.5770710343546
"all",2016,48,19.2614167640276
"all",2016,49,20.7109606106937
"all",2016,50,19.4171487294131
"all",2016,51,21.1895965732737
"all",2016,52,14.7781889472624
"all",2017,1,21.8270090864029
"all",2017,2,24.9603249422747
"all",2017,3,24.7422883735177
"all",2017,4,23.4318171712888
"all",2017,5,22.7125100570001
"all",2017,6,22.3138450153115
"all",2017,7,21.179229686321
"all",2017,8,21.4381419438924
"all",2017,9,20.4572866614626
"all",2017,10,20.1455511308246
"all",2017,11,19.4638028556107
"all",2017,12,18.7952742714468
"all",2017,13,18.2404559699108
"all",2017,14,18.0731665572082
"all",2017,15,15.454179140791
"all",2017,16,17.5475389392757
"all",2017,17,19.8553920609276
"all",2017,18,16.4932990660761
"all",2017,19,19.4565887336548
"all",2017,20,18.7219768187863
"all",2017,21,18.239250277754
"all",2017,22,15.1662994121729
"all",2017,23,17.7655403621322
"all",2017,24,17.0237509342857
"all",2017,25,17.5098428341063
"all",2017,26,16.9896178291333
"all",2017,27,16.8447523882748
"all",2017,28,17.0682807907126
"all",2017,29,16.5648842519276
"all",2017,30,16.1565544548305
"all",2017,31,16.268923386575
"all",2017,32,16.4591332006852
"all",2017,33,16.9083131442648
"all",2017,34,17.0736104192207
"all",2017,35,14.8232381094844
"all",2017,36,17.2685631294669
"all",2017,37,17.1979602585985
"all",2017,38,17.336378673784
"all",2017,39,17.6287534084617
"all",2017,40,17.771180490738
"all",2017,41,18.0977781571324
"all",2017,42,18.2498758278411
"all",2017,43,17.7234905552897
"all",2017,44,18.1792554026281
"all",2017,45,18.8182394794549
"all",2017,46,18.6968959374968
"all",2017,47,19.303924137159
"all",2017,48,19.164640328804
"all",2017,49,19.6133098573152
"all",2017,50,20.4164102550267
"all",2017,51,22.77093054995
"all",2017,52,15.4424431163862
"all",2018,1,23.4974746948664
"all",2018,2,27.772089613709
"all",2018,3,26.2982710912954
"all",2018,4,25.7136646823515
"all",2018,5,24.5128069163029
"all",2018,6,23.0406988624603
"all",2018,7,22.6124588150498
"all",2018,8,22.4199962968338
"all",2018,9,20.0348346092901
"all",2018,10,23.9997016519482
"all",2018,11,23.6057645970139
"all",2018,12,21.9938271520194
"all",2018,13,18.3606991300895
"all",2018,14,19.9223469937914
"all",2018,15,22.7088798901649
"all",2018,16,20.7069229569003
"all",2018,17,19.0148375033472
"all",2018,18,18.7421975701687
"all",2018,19,15.9050988171524
"all",2018,20,18.7047180443626
"all",2018,21,17.7755572471813
"all",2018,22,15.0390024672039
"all",2018,23,18.3758410849307
"all",2018,24,17.2429477301973
"all",2018,25,17.0674058500695
"all",2018,26,16.9876825217767
"all",2018,27,17.080971975442
"all",2018,28,17.1490097147806
"all",2018,29,16.8290048882615
"all",2018,30,16.8717296762183
"all",2018,31,16.9037680322755
"all",2018,32,17.1798323338428
"all",2018,33,16.2930641183214
"all",2018,34,16.5774827381781
"all",2018,35,14.5058355964394
"all",2018,36,17.4236479668936
"all",2018,37,16.9575030852235
"all",2018,38,17.1609156323069
"all",2018,39,16.8967320729977
"all",2018,40,17.5432480513094
"all",2018,41,17.8047448026281
"all",2018,42,18.2031292149352
"all",2018,43,17.7036765070977
"all",2018,44,17.5844853681505
"all",2018,45,18.7484872338632
"all",2018,46,18.8027933362095
"all",2018,47,18.3631525413683
"all",2018,48,18.5090167382715
"all",2018,49,18.9939455712522
"all",2018,50,19.4736610388328
"all",2018,51,20.5191051971554
"all",2018,52,13.1712672181062
"all",2019,1,19.9376640319046
"all",2019,2,22.9610217957954
"all",2019,3,21.5930030001971
"all",2019,4,21.3595460395433
"all",2019,5,20.5468531199705
"all",2019,6,21.2149373552945
"all",2019,7,21.5278290377173
"all",2019,8,20.5473186348578
"all",2019,9,20.0975633790714
"all",2019,10,19.8318685385328
"all",2019,11,19.2164809151809
"all",2019,12,18.9296024807849
"all",2019,13,17.9581320240612
"all",2019,14,18.4404256130273
"all",2019,15,18.7278990428117
"all",2019,16,16.4185469853605
"all",2019,17,18.3080359507947
"all",2019,18,20.4055984812225
"all",2019,19,16.4777986411304
"all",2019,20,18.6863498467868
"all",2019,21,18.7227837989334
"all",2019,22,15.0415901640886
"all",2019,23,18.451595477259
"all",2019,24,17.1910384927445
"all",2019,25,17.2196079847254
"all",2019,26,17.3121601979864
"all",2019,27,16.5106454053315
"all",2019,28,16.7102972524134
"all",2019,29,16.5305647948137
"all",2019,30,16.5829852917706
"all",2019,31,16.8788347899985
"all",2019,32,16.6000627018927
"female",2010,1,23.900729209684
"female",2010,2,22.8340521866015
"female",2010,3,21.4697035692196
"female",2010,4,20.224378329693
"female",2010,5,18.9407281571683
"female",2010,6,17.7827802305112
"female",2010,7,18.1135739091349
"female",2010,8,18.6376163662845
"female",2010,9,17.845344286254
"female",2010,10,17.7704194668218
"female",2010,11,17.5388794674714
"female",2010,12,17.3501138063965
"female",2010,13,14.123462122121
"female",2010,14,17.2144640917515
"female",2010,15,17.5990958871148
"female",2010,16,16.629367155601
"female",2010,17,16.8007345057302
"female",2010,18,14.7344180830621
"female",2010,19,16.714354382295
"female",2010,20,16.5207477039894
"female",2010,21,16.8085510762539
"female",2010,22,14.6145593324084
"female",2010,23,16.4036443732958
"female",2010,24,14.8451567242977
"female",2010,25,15.095685434805
"female",2010,26,16.1748162510376
"female",2010,27,14.9600458996629
"female",2010,28,15.0228731330247
"female",2010,29,14.4622317342398
"female",2010,30,14.8241325031695
"female",2010,31,14.9908363673679
"female",2010,32,15.0213401768292
"female",2010,33,15.3161600203083
"female",2010,34,15.2151954912194
"female",2010,35,13.6871007005409
"female",2010,36,15.9939620952358
"female",2010,37,15.244637757215
"female",2010,38,16.1897008330442
"female",2010,39,15.7482853539759
"female",2010,40,16.5112751803797
"female",2010,41,16.0817257205462
"female",2010,42,16.6455660164217
"female",2010,43,16.4837997701006
"female",2010,44,17.2458797016686
"female",2010,45,16.6544221368047
"female",2010,46,16.8941449489798
"female",2010,47,16.9006641065763
"female",2010,48,16.5136763444147
"female",2010,49,19.6215242303938
"female",2010,50,19.4422579699899
"female",2010,51,20.9064637352056
"female",2010,52,17.7959135782658
"female",2011,1,22.9028399225912
"female",2011,2,23.8110476493414
"female",2011,3,20.3980795041349
"female",2011,4,18.7024772237402
"female",2011,5,18.2294001218093
"female",2011,6,17.5616141540733
"female",2011,7,16.9882686907916
"female",2011,8,16.6660331763262
"female",2011,9,16.6150463449104
"female",2011,10,16.9433749399364
"female",2011,11,17.2124546683538
"female",2011,12,17.1203568287585
"female",2011,13,16.6492009255616
"female",2011,14,16.7274153060922
"female",2011,15,16.2296734968308
"female",2011,16,14.5133444099445
"female",2011,17,14.3266914083549
"female",2011,18,17.1542657428796
"female",2011,19,17.8154377412584
"female",2011,20,15.4168363535859
"female",2011,21,16.1335819901838
"female",2011,22,13.9327851366366
"female",2011,23,15.8334201168964
"female",2011,24,15.4148556472052
"female",2011,25,15.2303995992529
"female",2011,26,15.0638139524176
"female",2011,27,15.2114830862702
"female",2011,28,14.9894307737724
"female",2011,29,14.9300006773631
"female",2011,30,14.7998257327775
"female",2011,31,15.43260649934
"female",2011,32,14.9637639489419
"female",2011,33,14.6686489150599
"female",2011,34,14.3665294098778
"female",2011,35,13.4584904393451
"female",2011,36,15.2655166523488
"female",2011,37,14.9248744854121
"female",2011,38,14.7725436326094
"female",2011,39,15.5220044679452
"female",2011,40,15.6424245480046
"female",2011,41,15.2569167497188
"female",2011,42,14.837007240595
"female",2011,43,15.9442344497273
"female",2011,44,17.0888930075168
"female",2011,45,15.7836390515172
"female",2011,46,16.6260964980252
"female",2011,47,16.1593144299617
"female",2011,48,16.4680658705964
"female",2011,49,17.1002571944266
"female",2011,50,18.1682414133199
"female",2011,51,19.4586360665964
"female",2011,52,15.1200028207317
"female",2012,1,18.6635882691929
"female",2012,2,20.0535902272103
"female",2012,3,18.1972107456621
"female",2012,4,17.849140058164
"female",2012,5,17.6180645402433
"female",2012,6,17.7290575037684
"female",2012,7,18.3215909741574
"female",2012,8,19.3332831890723
"female",2012,9,19.210002259107
"female",2012,10,18.4500784671173
"female",2012,11,17.3933059265883
"female",2012,12,17.1159697644276
"female",2012,13,16.6304574379786
"female",2012,14,14.6699231010491
"female",2012,15,17.5009174871172
"female",2012,16,18.8888013355763
"female",2012,17,17.7515804895328
"female",2012,18,17.4223188482501
"female",2012,19,15.401313464167
"female",2012,20,16.9900692731021
"female",2012,21,16.7498385927698
"female",2012,22,16.6291027230924
"female",2012,23,12.0012416341058
"female",2012,24,17.568706464696
"female",2012,25,15.7951873391966
"female",2012,26,15.1448563698322
"female",2012,27,15.3112091207356
"female",2012,28,14.9280681594561
"female",2012,29,15.1060255019054
"female",2012,30,15.279109649799
"female",2012,31,15.6645178202959
"female",2012,32,15.087643141682
"female",2012,33,15.1994561904859
"female",2012,34,15.5044500903743
"female",2012,35,12.8760895369877
"female",2012,36,15.4390605374191
"female",2012,37,14.4149631609042
"female",2012,38,15.2156166626687
"female",2012,39,15.0279855053362
"female",2012,40,15.3402448767454
"female",2012,41,16.5334600788329
"female",2012,42,16.0208527474791
"female",2012,43,16.4806908913846
"female",2012,44,16.4832200885852
"female",2012,45,16.7196626823267
"female",2012,46,17.0384084169426
"female",2012,47,16.4297098507569
"female",2012,48,16.0263540870106
"female",2012,49,16.8133088953227
"female",2012,50,17.8702912220938
"female",2012,51,20.0862677407379
"female",2012,52,14.2706901613151
"female",2013,1,20.4108036247799
"female",2013,2,21.7680318222416
"female",2013,3,19.1133046937358
"female",2013,4,19.4706385703181
"female",2013,5,19.2675050883163
"female",2013,6,19.0281665864362
"female",2013,7,18.832085418924
"female",2013,8,18.7459907339084
"female",2013,9,18.3860897594377
"female",2013,10,19.4353396905093
"female",2013,11,19.345751426069
"female",2013,12,19.1334491639347
"female",2013,13,15.9151828128113
"female",2013,14,18.6723160836686
"female",2013,15,20.7281597329515
"female",2013,16,19.9964738129388
"female",2013,17,18.0833008837401
"female",2013,18,16.9325231042888
"female",2013,19,14.744738046856
"female",2013,20,16.4526524743414
"female",2013,21,16.0046324319508
"female",2013,22,14.4043519706671
"female",2013,23,16.1354276041022
"female",2013,24,14.9088209169717
"female",2013,25,15.0152986428658
"female",2013,26,14.5078684276506
"female",2013,27,14.809066054537
"female",2013,28,14.1366284312718
"female",2013,29,14.6850511133128
"female",2013,30,14.4970306025798
"female",2013,31,13.8832045301101
"female",2013,32,13.8100122858139
"female",2013,33,13.933451828003
"female",2013,34,14.5489665671548
"female",2013,35,13.0022810954278
"female",2013,36,14.8473389683046
"female",2013,37,13.8094734632871
"female",2013,38,14.3599605819641
"female",2013,39,15.6502988900831
"female",2013,40,15.3924391143808
"female",2013,41,14.8576978790908
"female",2013,42,15.5415650609183
"female",2013,43,15.4763916904331
"female",2013,44,15.2996113871215
"female",2013,45,15.8793571923221
"female",2013,46,16.3920941992971
"female",2013,47,15.9669141892197
"female",2013,48,15.7581489954805
"female",2013,49,16.4982702151543
"female",2013,50,16.9407478478098
"female",2013,51,17.3443694816195
"female",2013,52,11.1321131211693
"female",2014,1,19.6115377015047
"female",2014,2,19.9147474695681
"female",2014,3,18.680301184756
"female",2014,4,17.2438792288992
"female",2014,5,17.1081211031582
"female",2014,6,16.8370978005745
"female",2014,7,16.9057043947054
"female",2014,8,17.1779530591563
"female",2014,9,17.3905854713036
"female",2014,10,16.5080219926342
"female",2014,11,16.8345421740466
"female",2014,12,16.3584558511122
"female",2014,13,15.8777721297052
"female",2014,14,16.3422416371058
"female",2014,15,15.5445709109314
"female",2014,16,13.2161712381724
"female",2014,17,15.4549934819818
"female",2014,18,17.6324466540654
"female",2014,19,14.0406757220683
"female",2014,20,15.8226573894083
"female",2014,21,15.4169421656579
"female",2014,22,13.2683908705187
"female",2014,23,15.5627755011576
"female",2014,24,15.1778986424613
"female",2014,25,14.6371032496201
"female",2014,26,14.7364612665405
"female",2014,27,14.3155023215148
"female",2014,28,14.3369947359772
"female",2014,29,14.9865584656953
"female",2014,30,15.0233953541154
"female",2014,31,14.7863319632352
"female",2014,32,14.7643171686545
"female",2014,33,14.2672576725925
"female",2014,34,14.6028991401563
"female",2014,35,13.5204302092981
"female",2014,36,16.1758342509236
"female",2014,37,15.0322314637092
"female",2014,38,15.182269439791
"female",2014,39,14.8691942870217
"female",2014,40,15.4676945617921
"female",2014,41,15.1683499107463
"female",2014,42,15.5879910796172
"female",2014,43,15.9207279009969
"female",2014,44,16.054839357805
"female",2014,45,16.1222638533768
"female",2014,46,16.7435664605069
"female",2014,47,15.6356228925582
"female",2014,48,16.4910696163167
"female",2014,49,17.0221518229411
"female",2014,50,17.7239803522549
"female",2014,51,19.5816387981637
"female",2014,52,13.5232458875372
"female",2015,1,20.9784818645574
"female",2015,2,27.8098636035822
"female",2015,3,25.3953823904696
"female",2015,4,23.6859185227965
"female",2015,5,21.6511589478718
"female",2015,6,19.8653835329171
"female",2015,7,19.3416923010456
"female",2015,8,19.0441816122314
"female",2015,9,19.0809864212203
"female",2015,10,19.0993098735434
"female",2015,11,18.629350164452
"female",2015,12,17.5041037653869
"female",2015,13,17.4467607437395
"female",2015,14,14.9743753747029
"female",2015,15,16.8000570342813
"female",2015,16,19.1668028299838
"female",2015,17,17.464387355453
"female",2015,18,16.4140334281553
"female",2015,19,14.3752509129893
"female",2015,20,16.7723022162171
"female",2015,21,16.1237587292533
"female",2015,22,13.4166847718801
"female",2015,23,16.8867633969511
"female",2015,24,15.4555565676548
"female",2015,25,15.4329037249716
"female",2015,26,14.6772796659644
"female",2015,27,15.2447497319309
"female",2015,28,14.3797434937695
"female",2015,29,14.3197278052265
"female",2015,30,14.2055432112548
"female",2015,31,14.0645129899726
"female",2015,32,14.057666276455
"female",2015,33,14.7499302191156
"female",2015,34,14.777160156773
"female",2015,35,14.726632301733
"female",2015,36,12.5930495768744
"female",2015,37,14.916009611275
"female",2015,38,14.87849136303
"female",2015,39,15.370240508606
"female",2015,40,15.3453774020945
"female",2015,41,16.1217956556837
"female",2015,42,15.3623504383937
"female",2015,43,15.5231655107383
"female",2015,44,15.5564792809771
"female",2015,45,16.6094735257935
"female",2015,46,15.7963730773597
"female",2015,47,15.7052740297219
"female",2015,48,15.9548976784003
"female",2015,49,16.826149246435
"female",2015,50,16.8731934694232
"female",2015,51,17.7120282366588
"female",2015,52,14.1956575634916
"female",2015,53,12.3052311528359
"female",2016,1,21.6799330170266
"female",2016,2,18.6732105218121
"female",2016,3,18.4944112230241
"female",2016,4,18.4495041127328
"female",2016,5,17.887290655568
"female",2016,6,18.2068800997416
"female",2016,7,16.9257373939481
"female",2016,8,18.2113644744562
"female",2016,9,18.2695154402964
"female",2016,10,17.5924915421862
"female",2016,11,17.7299780333643
"female",2016,12,15.6060437683554
"female",2016,13,16.997585577779
"female",2016,14,18.9755184768964
"female",2016,15,18.3555240511961
"female",2016,16,17.7731535818577
"female",2016,17,16.7722886703824
"female",2016,18,14.4664677263525
"female",2016,19,17.0414128155826
"female",2016,20,16.0692773003338
"female",2016,21,15.7480628494205
"female",2016,22,12.8395208270828
"female",2016,23,16.048960858297
"female",2016,24,14.9106436699219
"female",2016,25,14.8011511160289
"female",2016,26,15.0699992981347
"female",2016,27,14.6960211461506
"female",2016,28,15.2012611904611
"female",2016,29,14.6875776045204
"female",2016,30,14.9741722750133
"female",2016,31,14.650255716344
"female",2016,32,14.7630813546328
"female",2016,33,14.4648878955715
"female",2016,34,14.7774853101451
"female",2016,35,12.649918107812
"female",2016,36,15.1149686509517
"female",2016,37,14.7429364062239
"female",2016,38,14.3018770381758
"female",2016,39,14.2396230067978
"female",2016,40,14.9151607807593
"female",2016,41,15.5678296551826
"female",2016,42,15.6244280031147
"female",2016,43,15.5963938294467
"female",2016,44,16.5079858086116
"female",2016,45,16.961204900458
"female",2016,46,17.0782862357608
"female",2016,47,17.132886785303
"female",2016,48,17.0476202958494
"female",2016,49,18.3544400222483
"female",2016,50,17.2982514952438
"female",2016,51,18.8069458335769
"female",2016,52,13.1748618424683
"female",2017,1,19.6684889781852
"female",2017,2,22.3358762775575
"female",2017,3,22.2873938971661
"female",2017,4,20.9908856956768
"female",2017,5,19.9841224790582
"female",2017,6,20.0718232325229
"female",2017,7,18.5949455671139
"female",2017,8,19.3148110241575
"female",2017,9,18.3264028682217
"female",2017,10,17.6244689386837
"female",2017,11,17.2458520211777
"female",2017,12,16.4103728464416
"female",2017,13,16.1277666849314
"female",2017,14,15.5349332747618
"female",2017,15,13.6026443475893
"female",2017,16,15.2935145691776
"female",2017,17,17.1531180534758
"female",2017,18,14.2533566655769
"female",2017,19,16.7866367237103
"female",2017,20,16.3927913957131
"female",2017,21,15.7964010190232
"female",2017,22,13.2729072482221
"female",2017,23,15.2781475231391
"female",2017,24,14.7965887057005
"female",2017,25,15.1600977186975
"female",2017,26,14.967078064323
"female",2017,27,14.2884373756166
"female",2017,28,14.717778675431
"female",2017,29,14.1748769095413
"female",2017,30,14.0366655205711
"female",2017,31,14.1252887469427
"female",2017,32,14.1367213428305
"female",2017,33,14.6691717642804
"female",2017,34,14.7990134888972
"female",2017,35,12.8719800383462
"female",2017,36,14.8079176798099
"female",2017,37,14.782840017166
"female",2017,38,14.8971370635782
"female",2017,39,15.434669784955
"female",2017,40,15.5230454631854
"female",2017,41,15.8255833963267
"female",2017,42,15.7633670653301
"female",2017,43,15.3945439980159
"female",2017,44,15.8082569245639
"female",2017,45,16.0346004292317
"female",2017,46,16.2681899442225
"female",2017,47,16.8053192167318
"female",2017,48,16.7566660562639
"female",2017,49,16.9613054443687
"female",2017,50,17.9185788683533
"female",2017,51,20.4509404039669
"female",2017,52,13.9567209905752
"female",2018,1,21.2399198946509
"female",2018,2,24.947462444902
"female",2018,3,23.4577635016069
"female",2018,4,22.8012838665549
"female",2018,5,21.5880006318842
"female",2018,6,20.2428346201069
"female",2018,7,19.4938364404166
"female",2018,8,20.0691153191115
"female",2018,9,17.6268930710746
"female",2018,10,21.1510719562787
"female",2018,11,20.8620700048705
"female",2018,12,19.3673078239525
"female",2018,13,15.9276776500313
"female",2018,14,17.4952522981941
"female",2018,15,19.6111275615317
"female",2018,16,17.9296384823819
"female",2018,17,16.6463615605407
"female",2018,18,16.0994409327093
"female",2018,19,13.7123119052305
"female",2018,20,16.0266098536749
"female",2018,21,15.2010687982756
"female",2018,22,12.8817120041021
"female",2018,23,15.92908614934
"female",2018,24,14.7457464803216
"female",2018,25,14.3005129132022
"female",2018,26,14.6088738930019
"female",2018,27,14.5944828257656
"female",2018,28,14.6577906543348
"female",2018,29,14.3005565927379
"female",2018,30,14.5130877111459
"female",2018,31,14.7987166342106
"female",2018,32,14.3943128075684
"female",2018,33,14.0133505347986
"female",2018,34,14.2585259109758
"female",2018,35,12.7508787540541
"female",2018,36,14.9595261370265
"female",2018,37,14.644263664402
"female",2018,38,14.7309195236649
"female",2018,39,14.3637674457259
"female",2018,40,15.0643544757864
"female",2018,41,15.3013334603747
"female",2018,42,15.4458230632118
"female",2018,43,15.1257632455741
"female",2018,44,14.9564334899857
"female",2018,45,16.2784527862123
"female",2018,46,16.017812599044
"female",2018,47,15.9801290708077
"female",2018,48,16.132717588164
"female",2018,49,16.6427789446517
"female",2018,50,16.9847645327004
"female",2018,51,17.5746493601108
"female",2018,52,11.6427327682809
"female",2019,1,18.0203826081866
"female",2019,2,20.2389945068521
"female",2019,3,18.7806387786958
"female",2019,4,18.3194361492372
"female",2019,5,17.8878228685604
"female",2019,6,18.452591708685
"female",2019,7,18.7563633220292
"female",2019,8,17.7361734308372
"female",2019,9,17.5255349931576
"female",2019,10,16.8066455803608
"female",2019,11,16.7435769041237
"female",2019,12,16.3347728354288
"female",2019,13,15.5744348783915
"female",2019,14,15.9818636156693
"female",2019,15,16.0568264146416
"female",2019,16,14.111123588195
"female",2019,17,15.8457308566882
"female",2019,18,17.6399939952599
"female",2019,19,14.4743442764121
"female",2019,20,15.9082000479539
"female",2019,21,16.269311736031
"female",2019,22,13.2748807170905
"female",2019,23,15.4738656065296
"female",2019,24,14.7381851567976
"female",2019,25,14.6065704820288
"female",2019,26,14.3993914150849
"female",2019,27,14.4171616630215
"female",2019,28,14.2497482911886
"female",2019,29,14.2366607814478
"female",2019,30,14.4011527515314
"female",2019,31,14.350366242704
"female",2019,32,14.2436508492784
"male",2010,1,30.5010519066648
"male",2010,2,29.90986858508
"male",2010,3,27.9048102796195
"male",2010,4,26.0780993953298
"male",2010,5,25.3265365961574
"male",2010,6,24.811833699049
"male",2010,7,24.4116420916688
"male",2010,8,24.5230448134573
"male",2010,9,23.9794708058018
"male",2010,10,23.3629245692641
"male",2010,11,23.2955721253146
"male",2010,12,22.9382045233598
"male",2010,13,19.3865442582422
"male",2010,14,23.8524503519833
"male",2010,15,23.8915081183663
"male",2010,16,23.0808540537372
"male",2010,17,23.1477926468974
"male",2010,18,20.5409689126792
"male",2010,19,23.2488635326861
"male",2010,20,22.0412172859211
"male",2010,21,22.8258925253504
"male",2010,22,19.8476227269347
"male",2010,23,22.6831095866084
"male",2010,24,21.2554530734794
"male",2010,25,20.4230100478358
"male",2010,26,21.4326905828403
"male",2010,27,21.3380328303955
"male",2010,28,20.8955453950811
"male",2010,29,20.2630813551541
"male",2010,30,19.7470390483791
"male",2010,31,20.5939360127866
"male",2010,32,19.8341539076742
"male",2010,33,20.6889890639464
"male",2010,34,21.1483598473719
"male",2010,35,18.8448617843852
"male",2010,36,21.61383356905
"male",2010,37,21.3450179084535
"male",2010,38,21.3312565969629
"male",2010,39,21.0194462916359
"male",2010,40,22.1224354611826
"male",2010,41,22.7956459400875
"male",2010,42,22.4231376497207
"male",2010,43,22.5163195660515
"male",2010,44,23.487602621492
"male",2010,45,23.0103747779847
"male",2010,46,22.8019007948638
"male",2010,47,23.0268704852773
"male",2010,48,22.3287514278105
"male",2010,49,27.6686021357946
"male",2010,50,26.1665175347702
"male",2010,51,27.2115719250186
"male",2010,52,22.9733143761794
"male",2011,1,29.0855796427326
"male",2011,2,30.0005269005849
"male",2011,3,26.6899956769045
"male",2011,4,24.5559663539277
"male",2011,5,23.884062487188
"male",2011,6,23.9076964937321
"male",2011,7,23.2391246737568
"male",2011,8,22.3435433899601
"male",2011,9,22.3717781688716
"male",2011,10,22.7075946425602
"male",2011,11,23.4594593857529
"male",2011,12,22.890133033309
"male",2011,13,21.6201394314306
"male",2011,14,22.7189887634105
"male",2011,15,22.1695512545305
"male",2011,16,19.8662262307221
"male",2011,17,18.9505109060431
"male",2011,18,23.5333330667242
"male",2011,19,23.865386759158
"male",2011,20,21.5192210052164
"male",2011,21,21.5715768377927
"male",2011,22,18.7443844284387
"male",2011,23,22.4147312323002
"male",2011,24,21.6420045056251
"male",2011,25,20.6514560515642
"male",2011,26,20.8593776118851
"male",2011,27,20.6852950836535
"male",2011,28,19.8501557735713
"male",2011,29,20.0932437729367
"male",2011,30,20.1524468336219
"male",2011,31,20.7826523570266
"male",2011,32,20.3846491813902
"male",2011,33,20.0941943896753
"male",2011,34,20.6707959197371
"male",2011,35,18.3955923712018
"male",2011,36,21.0633905338599
"male",2011,37,20.7212214504896
"male",2011,38,20.4747784169822
"male",2011,39,21.3280242553552
"male",2011,40,20.2313530604573
"male",2011,41,20.570991467675
"male",2011,42,20.8155753972472
"male",2011,43,21.7272288536384
"male",2011,44,22.5689653206709
"male",2011,45,21.5682224684791
"male",2011,46,21.5018855193326
"male",2011,47,21.5970207978358
"male",2011,48,21.386109273122
"male",2011,49,23.4505944229959
"male",2011,50,24.5872173230742
"male",2011,51,26.603840275354
"male",2011,52,19.9461440035503
"male",2012,1,23.5537467865119
"male",2012,2,25.2339922930864
"male",2012,3,23.5573562222149
"male",2012,4,23.6350485500665
"male",2012,5,23.1476147154226
"male",2012,6,23.7084603921738
"male",2012,7,24.2205196777619
"male",2012,8,25.3811925980305
"male",2012,9,24.6780755771666
"male",2012,10,23.6898974658874
"male",2012,11,23.0479036939303
"male",2012,12,22.5271220489541
"male",2012,13,22.1544192534846
"male",2012,14,19.4849651869847
"male",2012,15,22.6670717309383
"male",2012,16,24.6467324678229
"male",2012,17,23.3700837512343
"male",2012,18,22.5195159744655
"male",2012,19,20.2741038153987
"male",2012,20,22.9705325212098
"male",2012,21,21.7952977091378
"male",2012,22,21.8771852464301
"male",2012,23,15.2816192627114
"male",2012,24,23.4755762659173
"male",2012,25,20.6748518670178
"male",2012,26,20.612710080161
"male",2012,27,20.5253863095473
"male",2012,28,20.4646770830685
"male",2012,29,19.9153216524212
"male",2012,30,20.3757132448063
"male",2012,31,20.1417534265379
"male",2012,32,20.3905111113449
"male",2012,33,20.1518305517892
"male",2012,34,20.5853329371163
"male",2012,35,17.8991908901342
"male",2012,36,20.1056272963518
"male",2012,37,20.5540963359202
"male",2012,38,20.2891638265586
"male",2012,39,20.7683489766923
"male",2012,40,21.3406068772655
"male",2012,41,21.4468974121149
"male",2012,42,21.4029970595339
"male",2012,43,22.0613288705637
"male",2012,44,20.9607448294186
"male",2012,45,22.282008977072
"male",2012,46,22.9138804600667
"male",2012,47,22.6018033456853
"male",2012,48,21.8807376712663
"male",2012,49,22.8306238923071
"male",2012,50,24.1431445728576
"male",2012,51,26.0489289750291
"male",2012,52,18.3271082137265
"male",2013,1,25.3689941915514
"male",2013,2,27.4354761557884
"male",2013,3,24.4061940845426
"male",2013,4,24.7819598698956
"male",2013,5,25.5053692530889
"male",2013,6,24.4481937117957
"male",2013,7,24.6106058110317
"male",2013,8,23.966496607712
"male",2013,9,24.0810654937015
"male",2013,10,24.8579791099618
"male",2013,11,24.5384434098946
"male",2013,12,24.3264016933005
"male",2013,13,20.5763789151761
"male",2013,14,24.1908818887513
"male",2013,15,27.1103523264142
"male",2013,16,26.359839787244
"male",2013,17,23.6580379039922
"male",2013,18,23.0651516261109
"male",2013,19,20.0300675541396
"male",2013,20,22.3801209230343
"male",2013,21,21.6318652511142
"male",2013,22,18.483223489
"male",2013,23,21.3645698059503
"male",2013,24,20.1539582814895
"male",2013,25,20.1536341709623
"male",2013,26,19.3589439178643
"male",2013,27,19.8163082955489
"male",2013,28,19.7113500637356
"male",2013,29,19.9436298140915
"male",2013,30,18.7667615569957
"male",2013,31,18.1865697806346
"male",2013,32,18.9582218528862
"male",2013,33,18.4933593247657
"male",2013,34,19.3315150862588
"male",2013,35,17.3685275576851
"male",2013,36,20.3479624576165
"male",2013,37,19.1473845728099
"male",2013,38,19.7083163942468
"male",2013,39,20.3844644998626
"male",2013,40,20.992026758896
"male",2013,41,20.4822458368623
"male",2013,42,20.7501741388241
"male",2013,43,21.0428013600174
"male",2013,44,20.6492665921602
"male",2013,45,21.5262416677191
"male",2013,46,21.2855629119078
"male",2013,47,21.8757195408562
"male",2013,48,22.3559337358591
"male",2013,49,22.7634819485136
"male",2013,50,22.7742902308868
"male",2013,51,23.4125733740631
"male",2013,52,15.012974885435
"male",2014,1,24.7510313875432
"male",2014,2,25.9569044492997
"male",2014,3,24.1056838989837
"male",2014,4,22.9354219535011
"male",2014,5,22.4375960980315
"male",2014,6,22.5020445608758
"male",2014,7,22.5563147694712
"male",2014,8,23.4362353477599
"male",2014,9,22.603801833841
"male",2014,10,21.475367630564
"male",2014,11,21.7075567342548
"male",2014,12,21.659940087577
"male",2014,13,21.415424869308
"male",2014,14,22.2424896520876
"male",2014,15,21.2982417240752
"male",2014,16,17.7914242798533
"male",2014,17,20.930968957859
"male",2014,18,23.0312952779817
"male",2014,19,19.4461558313377
"male",2014,20,20.9918442131455
"male",2014,21,20.4706150048055
"male",2014,22,17.8322661379487
"male",2014,23,21.5443284233149
"male",2014,24,21.4006491789148
"male",2014,25,20.125646621218
"male",2014,26,19.7464523113312
"male",2014,27,19.6287299692451
"male",2014,28,19.6896000386251
"male",2014,29,20.332660681451
"male",2014,30,19.6544395649843
"male",2014,31,19.6919592702487
"male",2014,32,18.9198880717389
"male",2014,33,19.843496403286
"male",2014,34,19.2755527099407
"male",2014,35,17.5990731313904
"male",2014,36,21.2199719909472
"male",2014,37,21.0170786490672
"male",2014,38,19.9354093178582
"male",2014,39,20.0716930082873
"male",2014,40,20.4535588809771
"male",2014,41,20.4019054396839
"male",2014,42,21.0971662525213
"male",2014,43,21.2506948654781
"male",2014,44,21.0254372330143
"male",2014,45,21.6730199586503
"male",2014,46,22.0757331527194
"male",2014,47,20.9880132117963
"male",2014,48,21.9042643240352
"male",2014,49,22.7047827401203
"male",2014,50,23.0715990761353
"male",2014,51,25.6621398377095
"male",2014,52,16.7107486268603
"male",2015,1,25.3957322208646
"male",2015,2,33.2914533737701
"male",2015,3,30.6810880395841
"male",2015,4,28.8750909397718
"male",2015,5,26.992705851982
"male",2015,6,25.7290998847805
"male",2015,7,25.5077189426722
"male",2015,8,24.3072862313031
"male",2015,9,24.3608634731191
"male",2015,10,24.1639757183194
"male",2015,11,22.5979713546347
"male",2015,12,22.5084335241721
"male",2015,13,22.2918227277357
"male",2015,14,19.3863489856437
"male",2015,15,21.4661358094387
"male",2015,16,24.9037180381618
"male",2015,17,22.5811097379483
"male",2015,18,21.9480993688949
"male",2015,19,19.306575244707
"male",2015,20,22.2626136389988
"male",2015,21,21.7872277315983
"male",2015,22,17.8119435643897
"male",2015,23,21.4424912057309
"male",2015,24,20.8067044875325
"male",2015,25,19.8232855091938
"male",2015,26,20.1950282388324
"male",2015,27,19.6084432136042
"male",2015,28,19.9126608978439
"male",2015,29,19.0481194949994
"male",2015,30,19.2064165330769
"male",2015,31,18.5683494877743
"male",2015,32,19.7087377939733
"male",2015,33,19.9450958713744
"male",2015,34,19.8557264855965
"male",2015,35,19.4518784322614
"male",2015,36,17.3996704860376
"male",2015,37,20.2637772995587
"male",2015,38,19.5409970549185
"male",2015,39,20.801275669001
"male",2015,40,20.3432977977381
"male",2015,41,20.8993846251886
"male",2015,42,20.7791000431161
"male",2015,43,21.4449918517278
"male",2015,44,20.8538028264512
"male",2015,45,21.1076464142063
"male",2015,46,21.9005944229802
"male",2015,47,21.6491472343447
"male",2015,48,21.2991679962647
"male",2015,49,22.5673252830766
"male",2015,50,22.0168734892906
"male",2015,51,22.6175887876472
"male",2015,52,18.5219953958144
"male",2015,53,16.399017147135
"male",2016,1,27.0364325498277
"male",2016,2,24.1889950120107
"male",2016,3,24.4239918630247
"male",2016,4,23.8544026444816
"male",2016,5,23.3877745942704
"male",2016,6,23.3883341838585
"male",2016,7,22.6866510421622
"male",2016,8,23.1172167026796
"male",2016,9,24.0076279194015
"male",2016,10,23.729080035037
"male",2016,11,23.4898790607245
"male",2016,12,20.4165102400597
"male",2016,13,21.5341450207884
"male",2016,14,24.3141199103488
"male",2016,15,24.4241582434137
"male",2016,16,23.0690011309779
"male",2016,17,22.1358260737272
"male",2016,18,19.7294541868861
"male",2016,19,22.8842094368789
"male",2016,20,21.1676471957114
"male",2016,21,20.611624660476
"male",2016,22,16.8627034032468
"male",2016,23,20.9098990878086
"male",2016,24,20.2665670283792
"male",2016,25,20.4099984543074
"male",2016,26,19.2787416070356
"male",2016,27,19.4904279430108
"male",2016,28,19.8250053852854
"male",2016,29,20.3714961062512
"male",2016,30,19.936333289211
"male",2016,31,19.612159098574
"male",2016,32,19.3744897017356
"male",2016,33,19.5366405985342
"male",2016,34,20.1676869049863
"male",2016,35,17.1097169649596
"male",2016,36,19.9215036672368
"male",2016,37,19.4899769515358
"male",2016,38,19.1318687809408
"male",2016,39,19.4958878292793
"male",2016,40,19.9092660669753
"male",2016,41,20.8801760849748
"male",2016,42,20.9661257378441
"male",2016,43,20.8808875612254
"male",2016,44,21.5521292087041
"male",2016,45,22.1564609527664
"male",2016,46,23.0622661893576
"male",2016,47,22.5685648330182
"male",2016,48,21.9940514678218
"male",2016,49,23.612915944009
"male",2016,50,21.9135743960107
"male",2016,51,24.1350594314745
"male",2016,52,16.8191755491109
"male",2017,1,24.3841205751509
"male",2017,2,28.0790010183929
"male",2017,3,27.7143798532536
"male",2017,4,26.2506817905804
"male",2017,5,25.9775987963603
"male",2017,6,24.8811052198235
"male",2017,7,24.3055937964695
"male",2017,8,23.9996602097899
"male",2017,9,23.0096571289535
"male",2017,10,23.1658843208937
"male",2017,11,22.1478950430282
"male",2017,12,21.5943600463384
"male",2017,13,20.6950190764145
"male",2017,14,21.2006813972683
"male",2017,15,17.6208893023064
"male",2017,16,20.2536671486504
"male",2017,17,23.1176737885994
"male",2017,18,19.2608696985525
"male",2017,19,22.7459153954362
"male",2017,20,21.4644079981017
"male",2017,21,21.1908829745548
"male",2017,22,17.3782450848975
"male",2017,23,20.8002121470094
"male",2017,24,19.7045202364531
"male",2017,25,20.3581340447231
"male",2017,26,19.3326216417707
"male",2017,27,19.9688640881192
"male",2017,28,19.9563963488827
"male",2017,29,19.4631861879649
"male",2017,30,18.6857685250311
"male",2017,31,18.8015939251352
"male",2017,32,19.2709683520828
"male",2017,33,19.626755237345
"male",2017,34,19.8445879517033
"male",2017,35,17.1838967036742
"male",2017,36,20.2492522306277
"male",2017,37,20.1889049600987
"male",2017,38,20.3188030754702
"male",2017,39,20.394752955194
"male",2017,40,20.6131394638201
"male",2017,41,20.8685552503706
"male",2017,42,21.2795086389781
"male",2017,43,20.5634010252239
"male",2017,44,20.9741457896814
"male",2017,45,22.2118265940325
"male",2017,46,21.7073140849795
"male",2017,47,22.3024880389158
"male",2017,48,22.0586754548645
"male",2017,49,22.860374625382
"male",2017,50,23.4491714365707
"male",2017,51,25.6075023506024
"male",2017,52,17.3203991116879
"male",2018,1,26.2861426914918
"male",2018,2,31.2667014735846
"male",2018,3,29.8073682303573
"male",2018,4,29.1641587067837
"male",2018,5,28.1082549550416
"male",2018,6,26.474822466687
"male",2018,7,26.5562392008072
"male",2018,8,25.2374115744675
"male",2018,9,23.0153186610497
"male",2018,10,27.5666292603302
"male",2018,11,26.9547691570202
"male",2018,12,25.1920436098691
"male",2018,13,21.2364354817609
"male",2018,14,22.9089257852105
"male",2018,15,26.61076394057
"male",2018,16,24.1214393963526
"male",2018,17,21.9199334078054
"male",2018,18,22.0535505277187
"male",2018,19,18.6773750631377
"male",2018,20,22.0535479645588
"male",2018,21,21.1024174676608
"male",2018,22,17.7126847830346
"male",2018,23,21.4719599968394
"male",2018,24,20.3345958201276
"male",2018,25,20.5546042240381
"male",2018,26,19.970058380488
"male",2018,27,20.2327489877335
"male",2018,28,20.215254746872
"male",2018,29,20.0773653185322
"male",2018,30,19.6698650313801
"male",2018,31,19.5722746248235
"male",2018,32,20.5420100437603
"male",2018,33,19.1745515718492
"male",2018,34,19.5045840728514
"male",2018,35,16.7383808385798
"male",2018,36,20.576884083321
"male",2018,37,19.8528385841016
"male",2018,38,20.2481833344994
"male",2018,39,20.074912948554
"male",2018,40,20.6634027228176
"male",2018,41,20.8672602540834
"male",2018,42,21.6544348539103
"male",2018,43,20.9390368244192
"male",2018,44,20.9478094705194
"male",2018,45,21.8019739506736
"male",2018,46,22.4448593537019
"male",2018,47,21.4467324460084
"male",2018,48,21.4890775176446
"male",2018,49,21.8635645001001
"male",2018,50,22.5387355361993
"male",2018,51,24.1146283112398
"male",2018,52,15.1269378291733
"male",2019,1,22.2747661711409
"male",2019,2,26.3408494256629
"male",2019,3,25.0440672741535
"male",2019,4,25.0967197612625
"male",2019,5,23.8873150349052
"male",2019,6,24.6830053144631
"male",2019,7,25.0409444979473
"male",2019,8,24.0295937666305
"male",2019,9,23.329198616802
"male",2019,10,23.4920037546478
"male",2019,11,22.1873448655782
"male",2019,12,22.1198303814427
"male",2019,13,20.8298441117794
"male",2019,14,21.5137576809414
"male",2019,15,22.0325344704262
"male",2019,16,19.2898933990571
"male",2019,17,21.3876748036567
"male",2019,18,23.7410693625708
"male",2019,19,19.0010724007082
"male",2019,20,22.1723436696671
"male",2019,21,21.6979043298799
"male",2019,22,17.2972113621709
"male",2019,23,22.1686403359127
"male",2019,24,20.2320072484301
"male",2019,25,20.3763186004504
"male",2019,26,20.9366971792097
"male",2019,27,19.0299586734234
"male",2019,28,19.8362691472874
"male",2019,29,19.4127157681315
"male",2019,30,19.2186166103814
"male",2019,31,20.0526187966896
"male",2019,32,19.4566971578369
